INSERT INTO `database`.product_details (BARCODE, `Product Name`, category, weight, MRP, descrip, cream) VALUES (100, 'Oreo', 'Biscuits', 150, 60, 'Cream-Biscuits', 'YES');
INSERT INTO `database`.product_details (BARCODE, `Product Name`, category, weight, MRP, descrip, cream) VALUES (101, 'Parle-G', 'Biscuits', 140, 20, 'Biscuits', 'NO');
INSERT INTO `database`.product_details (BARCODE, `Product Name`, category, weight, MRP, descrip, cream) VALUES (102, 'Dark Fantasy Choco Fills', 'Biscuits', 300, 120, 'Cream-Biscuits', 'YES');
INSERT INTO `database`.product_details (BARCODE, `Product Name`, category, weight, MRP, descrip, cream) VALUES (103, 'Oreo Sandwich Biscuit', 'Biscuits', 300, 75, 'Cream-Biscuits', 'YES');
INSERT INTO `database`.product_details (BARCODE, `Product Name`, category, weight, MRP, descrip, cream) VALUES (104, 'Bournvita Biscuits', 'Biscuits', 250, 60, 'Biscuits', 'NO');
INSERT INTO `database`.product_details (BARCODE, `Product Name`, category, weight, MRP, descrip, cream) VALUES (105, 'Unibic Cookies', 'Biscuits', 450, 130, 'Biscuits', 'NO');
INSERT INTO `database`.product_details (BARCODE, `Product Name`, category, weight, MRP, descrip, cream) VALUES (106, 'Oreo Dipped Chocolate', 'Biscuits', 150, 60, 'Cream-Biscuits', 'YES');
INSERT INTO `database`.product_details (BARCODE, `Product Name`, category, weight, MRP, descrip, cream) VALUES (107, 'Sunfeast Cashew and Almond', 'Biscuits', 600, 105, 'Biscuits', 'NO');
INSERT INTO `database`.product_details (BARCODE, `Product Name`, category, weight, MRP, descrip, cream) VALUES (108, 'Unibic Cashew Badam Cookies', 'Biscuits', 500, 120, 'Biscuits', 'NO');
INSERT INTO `database`.product_details (BARCODE, `Product Name`, category, weight, MRP, descrip, cream) VALUES (109, 'Unibic Choco Chip Cookies', 'Biscuits', 500, 155, 'Biscuits', 'NO');

INSERT INTO `database`.shop_details (shop_id, shop_name, address, pasword, latitude, longitude, contact) VALUES (100, 'Aman Grocery', 'Sodepur, Kolkata', '100', 22.698038, 88.38031, '8737064567');
INSERT INTO `database`.shop_details (shop_id, shop_name, address, pasword, latitude, longitude, contact) VALUES (101, 'Raj Grocery', 'Salt Lake, Kolkata', '101', 22.58447, 88.41039, '8737064568');
INSERT INTO `database`.shop_details (shop_id, shop_name, address, pasword, latitude, longitude, contact) VALUES (102, 'Guddu Grocery', 'kestopur, Kolkata', '102', 22.5972, 88.4371, '8737064569');
INSERT INTO `database`.shop_details (shop_id, shop_name, address, pasword, latitude, longitude, contact) VALUES (103, 'Best Grocery', 'Behala, Kolkata', '103', 22.5016, 88.3209, '8737064570');
INSERT INTO `database`.shop_details (shop_id, shop_name, address, pasword, latitude, longitude, contact) VALUES (104, 'Grocery Store', 'Garia, Kolkata', '104', 22.466, 88.3928, '8737064571');

INSERT INTO `database`.product_stocks (`S.N.`, shop_id, quantity, selling_price) VALUES (100, 100, 5, 51);
INSERT INTO `database`.product_stocks (`S.N.`, shop_id, quantity, selling_price) VALUES (100, 101, 4, 49);
INSERT INTO `database`.product_stocks (`S.N.`, shop_id, quantity, selling_price) VALUES (101, 100, 8, 15);
INSERT INTO `database`.product_stocks (`S.N.`, shop_id, quantity, selling_price) VALUES (100, 103, 6, 49);
INSERT INTO `database`.product_stocks (`S.N.`, shop_id, quantity, selling_price) VALUES (100, 104, 5, 53);
INSERT INTO `database`.product_stocks (`S.N.`, shop_id, quantity, selling_price) VALUES (102, 100, 7, 110);
INSERT INTO `database`.product_stocks (`S.N.`, shop_id, quantity, selling_price) VALUES (103, 101, 8, 60);
INSERT INTO `database`.product_stocks (`S.N.`, shop_id, quantity, selling_price) VALUES (104, 102, 3, 120);
INSERT INTO `database`.product_stocks (`S.N.`, shop_id, quantity, selling_price) VALUES (105, 103, 7, 55);
INSERT INTO `database`.product_stocks (`S.N.`, shop_id, quantity, selling_price) VALUES (102, 102, 2, 45);

INSERT INTO `database`.product_review (barcode, product_rating) VALUES (101, 1);
INSERT INTO `database`.product_review (barcode, product_rating) VALUES (102, 2);
INSERT INTO `database`.product_review (barcode, product_rating) VALUES (103, 3);
INSERT INTO `database`.product_review (barcode, product_rating) VALUES (104, 2);
INSERT INTO `database`.product_review (barcode, product_rating) VALUES (104, 1);
INSERT INTO `database`.product_review (barcode, product_rating) VALUES (107, 2);
INSERT INTO `database`.product_review (barcode, product_rating) VALUES (108, 1);
INSERT INTO `database`.product_review (barcode, product_rating) VALUES (107, 2);
INSERT INTO `database`.product_review (barcode, product_rating) VALUES (109, 3);
INSERT INTO `database`.product_review (barcode, product_rating) VALUES (103, 2);
INSERT INTO `database`.product_review (barcode, product_rating) VALUES (107, 1);
INSERT INTO `database`.product_review (barcode, product_rating) VALUES (109, 1);
INSERT INTO `database`.product_review (barcode, product_rating) VALUES (108, 2);
INSERT INTO `database`.product_review (barcode, product_rating) VALUES (100, 2);
INSERT INTO `database`.product_review (barcode, product_rating) VALUES (103, 3);
INSERT INTO `database`.product_review (barcode, product_rating) VALUES (105, 2);
INSERT INTO `database`.product_review (barcode, product_rating) VALUES (106, 2);
INSERT INTO `database`.product_review (barcode, product_rating) VALUES (107, 3);
INSERT INTO `database`.product_review (barcode, product_rating) VALUES (105, 2);
INSERT INTO `database`.product_review (barcode, product_rating) VALUES (107, 2);
INSERT INTO `database`.product_review (barcode, product_rating) VALUES (101, 2);
INSERT INTO `database`.product_review (barcode, product_rating) VALUES (103, 3);
INSERT INTO `database`.product_review (barcode, product_rating) VALUES (100, 3);
INSERT INTO `database`.product_review (barcode, product_rating) VALUES (103, 1);
INSERT INTO `database`.product_review (barcode, product_rating) VALUES (103, 3);

INSERT INTO `database`.shop_review (shop_id, shop_rating) VALUES (100, 1);
INSERT INTO `database`.shop_review (shop_id, shop_rating) VALUES (101, 2);
INSERT INTO `database`.shop_review (shop_id, shop_rating) VALUES (104, 1);
INSERT INTO `database`.shop_review (shop_id, shop_rating) VALUES (101, 3);
INSERT INTO `database`.shop_review (shop_id, shop_rating) VALUES (101, 2);
INSERT INTO `database`.shop_review (shop_id, shop_rating) VALUES (102, 1);
INSERT INTO `database`.shop_review (shop_id, shop_rating) VALUES (103, 3);
INSERT INTO `database`.shop_review (shop_id, shop_rating) VALUES (100, 3);